date,team_a,team_b,winner,result_type,margin_runs,margin_wickets,venue,city,toss_winner,toss_decision,event,ref
2026-09-18,Zimbabwe,Australia,Australia,normal,84,,Harare,Harare,,,Australia tour of Zimbabwe,ESPNcricinfo ODI # 5014
2026-09-20,Zimbabwe,Australia,Australia,normal,,1,Harare,Harare,,,Australia tour of Zimbabwe,ESPNcricinfo ODI # 5015
2026-09-22,England,Sri Lanka,England,normal,89,,Chester-le-Street,Chester-le-Street,,,Sri Lanka tour of England,ESPNcricinfo ODI # 5016
2026-09-24,South Africa,Australia,South Africa,normal,67,,Durban,Durban,,,Australia tour of South Africa,ESPNcricinfo ODI # 5017
2026-09-24,England,Sri Lanka,Sri Lanka,normal,16,,Leeds,Leeds,,,Sri Lanka tour of England,ESPNcricinfo ODI # 5018
2026-09-27,South Africa,Australia,South Africa,normal,32,,Johannesburg,Johannesburg,,,Australia tour of South Africa,ESPNcricinfo ODI # 5019
2026-09-27,India,West Indies,India,normal,,8,Thiruvananthapuram,Thiruvananthapuram,,,West Indies tour of India,ESPNcricinfo ODI # 5020
2026-09-27,England,Sri Lanka,England,normal,223,,The Oval,London,,,Sri Lanka tour of England,ESPNcricinfo ODI # 5021
2026-09-30,India,West Indies,India,normal,,8,Guwahati,Guwahati,,,West Indies tour of India,ESPNcricinfo ODI # 5022
2026-09-30,South Africa,Australia,Australia,normal,45,,Potchefstroom,Potchefstroom,,,Australia tour of South Africa,ESPNcricinfo ODI # 5023
2026-10-03,India,West Indies,West Indies,normal,,5,New Chandigarh,New Chandigarh,,,West Indies tour of India,ESPNcricinfo ODI # 5024
2026-10-03,Namibia,U.A.E.,,no_result,,,Dallas,Dallas,,,ICC Men's Cricket World Cup League 2,ESPNcricinfo ODI # 5025
2026-10-05,U.S.A.,U.A.E.,U.S.A.,normal,,6,Dallas,Dallas,,,ICC Men's Cricket World Cup League 2,ESPNcricinfo ODI # 5026
