city,country
Adelaide,Australia
Cairns,Australia
Canberra,Australia
Mackay,Australia
Melbourne,Australia
Perth,Australia
Sydney,Australia
Townsville,Australia
Chattogram,Bangladesh
Dhaka,Bangladesh
Mirpur,Bangladesh
Sylhet,Bangladesh
King City,Canada
Birmingham,England
Bristol,England
Cardiff,England
Chelmsford,England
Chester-le-Street,England
Leeds,England
London,England
Manchester,England
Nottingham,England
Southampton,England
Taunton,England
Ahmedabad,India
Bengaluru,India
Chandigarh,India
Chennai,India
Cuttack,India
Dehradun,India
Delhi,India
New Chandigarh,India
Dharamsala,India
Guwahati,India
Hyderabad,India
Indore,India
Kolkata,India
Lucknow,India
Mumbai,India
Nagpur,India
Pune,India
Raipur,India
Rajkot,India
Ranchi,India
Thiruvananthapuram,India
Vadodara,India
Visakhapatnam,India
Belfast,Ireland
Bready,Ireland
Dublin,Ireland
Bangi,Malaysia
Kuala Lumpur,Malaysia
Windhoek,Namibia
Kathmandu,Nepal
Kirtipur,Nepal
Amstelveen,Netherlands
Deventer,Netherlands
Rotterdam,Netherlands
The Hague,Netherlands
Utrecht,Netherlands
Auckland,New Zealand
Christchurch,New Zealand
Dunedin,New Zealand
Hamilton,New Zealand
Mount Maunganui,New Zealand
Napier,New Zealand
Nelson,New Zealand
Wellington,New Zealand
Al Amarat,Oman
Faisalabad,Pakistan
Karachi,Pakistan
Lahore,Pakistan
Multan,Pakistan
Rawalpindi,Pakistan
Port Moresby,Papua New Guinea
Doha,Qatar
Aberdeen,Scotland
Ayr,Scotland
Dundee,Scotland
Edinburgh,Scotland
Glasgow,Scotland
Benoni,South Africa
Bloemfontein,South Africa
Cape Town,South Africa
Centurion,South Africa
Durban,South Africa
East London,South Africa
Gqeberha,South Africa
Johannesburg,South Africa
Kimberley,South Africa
Paarl,South Africa
Port Elizabeth,South Africa
Potchefstroom,South Africa
Colombo,Sri Lanka
Dambulla,Sri Lanka
Hambantota,Sri Lanka
Kandy,Sri Lanka
Abu Dhabi,United Arab Emirates
Dubai,United Arab Emirates
Sharjah,United Arab Emirates
Dallas,United States of America
Lauderhill,United States of America
Pearland,United States of America
Basseterre,West Indies
Bridgetown,West Indies
Gros Islet,West Indies
Kingston,West Indies
North Sound,West Indies
Port of Spain,West Indies
Providence,West Indies
St George's,West Indies
Tarouba,West Indies
Bulawayo,Zimbabwe
Harare,Zimbabwe
