date,series,match_no,team_a,team_b,venue,city
2026-10-18,Pakistan ODI Tri-Series 2026-27,1,Pakistan,Sri Lanka,Rawalpindi Cricket Stadium,Rawalpindi
2026-10-20,Pakistan ODI Tri-Series 2026-27,2,Pakistan,England,Rawalpindi Cricket Stadium,Rawalpindi
2026-10-22,Pakistan ODI Tri-Series 2026-27,3,England,Sri Lanka,Rawalpindi Cricket Stadium,Rawalpindi
2026-10-25,Pakistan ODI Tri-Series 2026-27,4,Pakistan,England,Gaddafi Stadium,Lahore
2026-10-27,Pakistan ODI Tri-Series 2026-27,5,Pakistan,Sri Lanka,Gaddafi Stadium,Lahore
2026-10-29,Pakistan ODI Tri-Series 2026-27,6,England,Sri Lanka,Gaddafi Stadium,Lahore
2026-11-04,India tour of New Zealand 2026-27,1,New Zealand,India,Eden Park,Auckland
2026-11-07,India tour of New Zealand 2026-27,2,New Zealand,India,Wellington Regional Stadium,Wellington
2026-11-10,India tour of New Zealand 2026-27,3,New Zealand,India,Seddon Park,Hamilton
2026-11-13,India tour of New Zealand 2026-27,4,New Zealand,India,Bay Oval,Mount Maunganui
2026-11-15,India tour of New Zealand 2026-27,5,New Zealand,India,Bay Oval,Mount Maunganui
