fixture_key,date,series,match_no,team_a,team_b,home,p_team_a,model,predicted_at,result_type,winner,actual_a,brier,scored_at
2026-10-18_pakistan_sri-lanka,2026-10-18,Pakistan ODI Tri-Series 2026-27,1,Pakistan,Sri Lanka,Pakistan,0.6567404677068676,elo-k25-h80,2026-10-06T14:35:49.357703+00:00,,,,,
2026-10-20_england_pakistan,2026-10-20,Pakistan ODI Tri-Series 2026-27,2,Pakistan,England,Pakistan,0.6646131938951712,elo-k25-h80,2026-10-06T14:35:49.357703+00:00,,,,,
2026-10-22_england_sri-lanka,2026-10-22,Pakistan ODI Tri-Series 2026-27,3,England,Sri Lanka,,0.49122125269682554,elo-k25-h80,2026-10-06T14:35:49.357703+00:00,,,,,
2026-10-25_england_pakistan,2026-10-25,Pakistan ODI Tri-Series 2026-27,4,Pakistan,England,Pakistan,0.6646131938951712,elo-k25-h80,2026-10-06T14:35:49.357703+00:00,,,,,
2026-10-27_pakistan_sri-lanka,2026-10-27,Pakistan ODI Tri-Series 2026-27,5,Pakistan,Sri Lanka,Pakistan,0.6567404677068676,elo-k25-h80,2026-10-06T14:35:49.357703+00:00,,,,,
2026-10-29_england_sri-lanka,2026-10-29,Pakistan ODI Tri-Series 2026-27,6,England,Sri Lanka,,0.49122125269682554,elo-k25-h80,2026-10-06T14:35:49.357703+00:00,,,,,
2026-11-04_india_new-zealand,2026-11-04,India tour of New Zealand 2026-27,1,New Zealand,India,New Zealand,0.6040145895723767,elo-k25-h80,2026-10-06T14:35:49.357703+00:00,,,,,
2026-11-07_india_new-zealand,2026-11-07,India tour of New Zealand 2026-27,2,New Zealand,India,New Zealand,0.6040145895723767,elo-k25-h80,2026-10-06T14:35:49.357703+00:00,,,,,
2026-11-10_india_new-zealand,2026-11-10,India tour of New Zealand 2026-27,3,New Zealand,India,New Zealand,0.6040145895723767,elo-k25-h80,2026-10-06T14:35:49.357703+00:00,,,,,
2026-11-13_india_new-zealand,2026-11-13,India tour of New Zealand 2026-27,4,New Zealand,India,New Zealand,0.6040145895723767,elo-k25-h80,2026-10-06T14:35:49.357703+00:00,,,,,
2026-11-15_india_new-zealand,2026-11-15,India tour of New Zealand 2026-27,5,New Zealand,India,New Zealand,0.6040145895723767,elo-k25-h80,2026-10-06T14:35:49.357703+00:00,,,,,
